Date,Category,Amount
20/09/2018 12:04:08,Transportation,301
20/09/2018 12:03:15,Food,60
19/09/2018,subscription,199
17/09/2018 23:41:17,subscription,19
16/09/2018 17:15:08,Festivals,251
15/09/2018 06:34:17,subscription,200
14/09/2018 05:39:17,Transportation,50
13/09/2018 21:35:15,Transportation,40
13/09/2018 21:01:47,Other,83
13/09/2018 21:01:32,Food,46
13/09/2018,Small Cap fund 2,5000
13/09/2018,Small cap fund 1,5000
12/9/2018,subscription,667
11/9/2018,Food,650
11/9/2018,Other,3500
11/9/2018,Food,36
10/9/2018,Food,36
8/9/2018,Family,40
7/9/2018,Food,37
7/9/2018,Equity Mutual Fund E,1000
6/9/2018,Food,55
5/9/2018,Apparel,77
5/9/2018,Food,30
5/9/2018,Food,40
5/9/2018,Food,24
5/9/2018,Food,36
5/9/2018,Food,18
3/9/2018,Family,2000
1/9/2018,Public Provident Fund,12500
1/9/2018,Saving Bank account 1,2000
31/08/2018 15:12:20,Family,1000
31/08/2018 15:12:20,Gift,118
31/08/2018 10:01:15,Food,510.85
31/08/2018 09:27:28,Salary,70255
31/08/2018 09:26:17,Food,36
30/08/2018 21:10:24,Food,78
30/08/2018 21:09:51,Household,343
29/08/2018 12:21:49,Food,27
29/08/2018 12:21:49,Food,15
29/08/2018 12:11:41,Food,36
28/08/2018 21:04:56,Dividend earned on Shares,6.75
28/08/2018 19:16:09,Dividend earned on Shares,18
27/08/2018 21:30:16,Food,20
27/08/2018 10:52:51,Food,60
27/08/2018 10:52:30,Food,45
27/08/2018 10:52:09,Food,36
26/08/2018 21:04:46,Interest,30
25/08/2018 21:04:46,Apparel,91
24/08/2018 22:13:43,Food,1120
24/08/2018 22:12:17,Other,1000
24/08/2018 20:20:37,Food,20
24/08/2018 20:17:09,Food,36
24/08/2018 13:34:14,Festivals,1000
23/08/2018 21:29:52,Transportation,1305.4
23/08/2018 21:29:12,Transportation,1205.4
23/08/2018 19:55:33,Food,60
22/08/2018 22:31:36,Food,37
22/08/2018,Life Insurance,11043
21/08/2018 16:15:46,Food,12
21/08/2018 16:15:20,Food,36
19/08/2018,subscription,199
17/08/2018 20:06:32,Food,20
17/08/2018 19:21:17,Food,36
17/08/2018 12:40:28,Dividend earned on Shares,22
16/08/2018 19:08:01,subscription,157
15/08/2018 09:44:05,Food,290
15/08/2018 09:11:44,Food,216
14/08/2018 10:59:46,Dividend earned on Shares,124
14/08/2018 10:04:52,Family,30
14/08/2018 09:51:30,Food,32
14/08/2018 09:50:12,Household,160
14/08/2018 09:48:42,Apparel,56
14/08/2018 09:46:54,Food,115
13/08/2018 18:37:27,Household,100
13/08/2018 18:36:01,Household,220
13/08/2018 18:35:18,Food,45
13/08/2018 18:33:36,Household,594
13/08/2018 10:04:36,Food,10
13/08/2018 10:04:23,Food,20
13/08/2018,Small Cap fund 2,5000
13/08/2018,Small cap fund 1,5000
11/8/2018,Food,96
10/8/2018,Family,35
7/8/2018,Equity Mutual Fund E,1000
6/8/2018,Beauty,100
5/8/2018,Family,100
5/8/2018,Food,10
5/8/2018,Health,4300
5/8/2018,Apparel,3410
5/8/2018,Transportation,20
5/8/2018,Transportation,15
5/8/2018,Family,398
3/8/2018,Other,100
3/8/2018,Family,2000
3/8/2018,Dividend earned on Shares,180
2/8/2018,Household,18
2/8/2018,Food,216
2/8/2018,Health,1000
1/8/2018,Family,40
1/8/2018,Public Provident Fund,12500
1/8/2018,Saving Bank account 1,2000
31/07/2018 21:52:08,Apparel,91
31/07/2018 18:01:20,Money transfer,30000
31/07/2018 13:45:08,maid,2000
31/07/2018 13:44:15,Food,10
31/07/2018 09:05:17,Salary,70255
30/07/2018 18:44:23,Health,100
30/07/2018 13:19:56,Health,132
30/07/2018 13:19:36,Food,212
30/07/2018 11:49:11,Food,25
29/07/2018 19:29:54,Food,260
29/07/2018 15:52:47,Transportation,50
29/07/2018 11:39:53,Transportation,15
29/07/2018 11:38:08,Transportation,40
29/07/2018 10:12:59,Food,105
28/07/2018 23:42:57,Family,200
28/07/2018 23:42:57,Culture,481.36
28/07/2018 21:30:49,Food,195
28/07/2018 20:45:00,Household,3750
27/07/2018 18:39:39,Other,826
26/07/2018 23:06:09,Food,40
26/07/2018 13:44:31,Tax refund,6780
23/07/2018 12:49:29,subscription,154
23/07/2018 12:33:32,Food,100
21/07/2018 19:02:36,Household,368
21/07/2018 19:02:16,Food,30
21/07/2018 18:37:38,Food,60
21/07/2018 08:42:11,Food,45
20/07/2018 19:59:46,Food,20
20/07/2018 19:59:08,Food,25
20/07/2018 19:58:46,Food,25
20/07/2018 13:06:14,Transportation,155
20/07/2018 12:29:28,Health,87
20/07/2018 09:11:48,Health,1048
19/07/2018 20:25:13,Food,40
18/07/2018 20:26:03,Food,216
16/07/2018 17:51:56,Apparel,84
16/07/2018 10:43:53,Household,1190
16/07/2018 10:41:01,Food,84
15/07/2018 19:12:57,Food,30
15/07/2018 18:01:59,Food,500
15/07/2018 09:41:01,Food,48
14/07/2018 18:10:13,Other,2000
13/07/2018 14:02:44,Transportation,188
13/07/2018 09:36:19,Health,1358
13/07/2018,Small Cap fund 2,5000
13/07/2018,Small cap fund 1,5000
12/7/2018,Food,35
11/7/2018,Food,57
10/7/2018,Dividend earned on Shares,180
9/7/2018,Transportation,360
9/7/2018,Food,20
9/7/2018,Food,60
8/7/2018,Transportation,185
8/7/2018,Food,30
8/7/2018,Health,153
8/7/2018,Health,500
8/7/2018,Transportation,130
8/7/2018,Transportation,675
7/7/2018,Transportation,10
7/7/2018,Food,2
7/7/2018,subscription,196
7/7/2018,Equity Mutual Fund E,1000
6/7/2018,Food,760
6/7/2018,Transportation,100
5/7/2018,Transportation,83
5/7/2018,Food,7
5/7/2018,Transportation,15
5/7/2018,Transportation,20
4/7/2018,Health,100
4/7/2018,Beauty,50
4/7/2018,Family,350
4/7/2018,Health,1440
3/7/2018,maid,500
3/7/2018,Food,36
3/7/2018,subscription,154
3/7/2018,Dividend earned on Shares,52.5
3/7/2018,Saving Bank account 1,2000
2/7/2018,Household,1595
2/7/2018,Transportation,50
2/7/2018,Transportation,20
2/7/2018,Household,626
2/7/2018,Transportation,26
2/7/2018,Transportation,40
1/7/2018,Culture,461
1/7/2018,Transportation,1890
1/7/2018,Food,15
1/7/2018,Apparel,430
1/7/2018,Apparel,98
1/7/2018,Food,72
1/7/2018,Public Provident Fund,12500
1/7/2018,Money transfer,10000
30/06/2018 18:47:45,Household,1200
30/06/2018 08:45:37,Dividend earned on Shares,43
30/06/2018 08:45:18,Interest,342
30/06/2018 08:44:48,Salary,65122
29/06/2018 17:01:00,Dividend earned on Shares,44
29/06/2018 16:13:02,Household,70
29/06/2018 16:10:41,Household,50
29/06/2018 15:28:46,Household,270
28/06/2018 20:44:36,Food,455
28/06/2018 18:35:52,Food,70
28/06/2018 15:06:59,Transportation,228
28/06/2018 10:08:21,Apparel,64.82
27/06/2018 21:32:27,Tourism,308.85
27/06/2018 19:11:09,Other,3000
27/06/2018 18:53:54,Food,14
27/06/2018 18:48:45,Household,100
27/06/2018 18:46:33,Other,4720
27/06/2018 18:46:48,Household,100
27/06/2018 18:43:23,Apparel,450
27/06/2018 18:19:27,Apparel,550
27/06/2018 18:18:28,Transportation,25
27/06/2018 14:00:32,Transportation,80
27/06/2018 13:59:52,Transportation,30
27/06/2018 06:30:08,Saving Bank account 1,2549.59
26/06/2018 19:47:42,Transportation,30
26/06/2018 19:47:42,Household,1990
26/06/2018 17:25:23,Household,13050
26/06/2018 12:49:54,Household,70
26/06/2018 11:47:08,Transportation,20
26/06/2018 11:45:49,Food,20
26/06/2018 11:44:48,Food,30
25/06/2018 15:09:49,Food,320
25/06/2018 14:23:22,Household,2074
24/06/2018 16:11:39,Transportation,40
24/06/2018 16:11:17,Food,18
24/06/2018 16:11:07,Food,72
24/06/2018 14:37:00,Health,211.75
24/06/2018 13:31:06,Transportation,30
24/06/2018 11:29:20,subscription,157
24/06/2018 11:00:13,Food,60
23/06/2018 19:25:22,subscription,2545
23/06/2018 10:15:35,Transportation,30
22/06/2018 15:32:22,subscription,181
19/06/2018 13:24:01,Family,2000
19/06/2018 10:25:47,subscription,25
18/06/2018 22:18:59,subscription,15
16/06/2018 09:01:39,Share Market,8500
15/06/2018 21:19:39,subscription,15
15/06/2018 09:24:33,Transportation,1213.6
13/06/2018,Small Cap fund 2,5000
13/06/2018,Small cap fund 1,5000
11/6/2018,Food,84
11/6/2018,Self-development,1407
10/6/2018,Household,3000
9/6/2018,subscription,667
7/6/2018,Equity Mutual Fund E,1000
1/6/2018,Public Provident Fund,12500
1/6/2018,Saving Bank account 1,2000
31/05/2018 08:47:33,Salary,65134
30/05/2018 07:42:56,Dividend earned on Shares,88
28/05/2018 14:11:17,subscription,25
28/05/2018 10:41:59,Beauty,100
27/05/2018 10:50:10,Interest,28
27/05/2018 10:50:10,Household,75
26/05/2018 07:55:09,Transportation,50
24/05/2018 09:04:01,subscription,667
23/05/2018 21:20:18,subscription,166
22/05/2018 20:47:36,Health,154
22/05/2018,Life Insurance,11043
21/05/2018 14:06:05,Family,140
20/05/2018 14:06:20,Family,122
19/05/2018 19:26:19,Household,25
19/05/2018 15:17:18,subscription,15
18/05/2018 15:35:49,subscription,301
15/05/2018 20:11:58,Food,135
15/05/2018 20:11:12,Transportation,30
15/05/2018 20:10:10,Household,21500
15/05/2018 18:43:55,Transportation,50
14/05/2018 23:09:55,Amazon pay cashback,21
14/05/2018 23:08:45,subscription,301
14/05/2018 22:49:32,Other,40
14/05/2018 22:49:07,Transportation,50
14/05/2018 18:01:15,Food,15
14/05/2018 12:55:41,Food,1250
14/05/2018 09:47:57,Transportation,40
14/05/2018 09:47:13,Transportation,40
13/05/2018 20:18:01,Apparel,77
13/05/2018 20:16:54,Education,12
13/05/2018 00:06:05,scrap,20
13/05/2018,Small Cap fund 2,5000
13/05/2018,Small cap fund 1,5000
12/5/2018,Food,437
12/5/2018,Food,70
12/5/2018,Food,48
12/5/2018,Food,72
11/5/2018,Food,20
10/5/2018,Food,80
10/5/2018,Other,947
9/5/2018,subscription,12
9/5/2018,Food,45
9/5/2018,Food,36
9/5/2018,subscription,199
8/5/2018,Food,500
8/5/2018,Food,72
8/5/2018,Beauty,50
7/5/2018,Household,1086
7/5/2018,Transportation,20
7/5/2018,subscription,515
7/5/2018,Food,430
7/5/2018,Food,72
7/5/2018,Equity Mutual Fund E,1000
6/5/2018,Other,3000
5/5/2018,Family,600
4/5/2018,Household,37
4/5/2018,Food,72
3/5/2018,Food,40
2/5/2018,Food,280
1/5/2018,Food,72
1/5/2018,Health,43
1/5/2018,Health,122
1/5/2018,Family,260
1/5/2018,Public Provident Fund,12500
1/5/2018,Saving Bank account 1,2000
1/5/2018,Money transfer,10000
30/04/2018 18:25:28,Food,72
30/04/2018 18:25:08,Household,165
30/04/2018 09:56:14,subscription,176
30/04/2018 09:48:34,Food,45
30/04/2018 09:48:07,Food,72
30/04/2018 06:32:57,Gift,500
29/04/2018 18:28:10,Food,40
29/04/2018 09:36:56,Salary,65134
28/04/2018 21:03:59,Food,413
28/04/2018 10:04:35,Family,500
27/04/2018 18:30:51,Household,295
26/04/2018 20:44:20,Food,30
26/04/2018 20:44:50,Food,72
26/04/2018 11:30:19,Family,1000
25/04/2018 18:28:39,Food,70
24/04/2018 22:24:28,subscription,157
23/04/2018 18:21:36,Household,38
23/04/2018 15:22:30,maid,500
22/04/2018 21:03:30,Food,10
22/04/2018 12:35:39,Household,190
22/04/2018 12:35:28,Food,72
21/04/2018 23:15:33,Food,160
21/04/2018 21:15:07,Food,20
20/04/2018 20:39:57,Food,70
19/04/2018 20:13:20,Household,14
19/04/2018 09:55:08,Food,36
19/04/2018 09:54:53,Food,72
17/04/2018 09:04:44,Food,72
16/04/2018 22:40:53,Education,21
16/04/2018 20:58:57,Apparel,63
16/04/2018 20:55:46,Household,270
16/04/2018 18:26:44,Household,265
16/04/2018 18:26:06,Household,450
15/04/2018 19:07:49,Food,70
15/04/2018 19:07:30,Food,20
15/04/2018 19:06:45,Household,799
15/04/2018 14:40:22,Family,525
15/04/2018 14:40:08,Transportation,10
15/04/2018 14:39:37,Transportation,20
15/04/2018 14:38:43,Food,70
14/04/2018 22:27:04,Household,107
14/04/2018 22:24:43,Food,40
14/04/2018 06:31:35,Food,45
14/04/2018 06:31:14,Food,72
13/04/2018 20:34:03,Health,700
13/04/2018,Small Cap fund 2,5000
13/04/2018,Small cap fund 1,5000
12/4/2018,subscription,199
12/4/2018,Household,112
12/4/2018,Food,20
12/4/2018,Food,130
10/4/2018,Food,18
10/4/2018,Food,70
10/4/2018,Gift,250
9/4/2018,Food,10
9/4/2018,Food,72
7/4/2018,Household,1857
7/4/2018,Household,24
7/4/2018,Food,36
7/4/2018,Equity Mutual Fund E,1000
6/4/2018,Money transfer,24500
5/4/2018,Household,38
5/4/2018,Food,36
5/4/2018,Food,72
5/4/2018,Food,130
3/4/2018,Public Provident Fund,12500
3/4/2018,Saving Bank account 1,2000
2/4/2018,Transportation,20
2/4/2018,Household,149
2/4/2018,Food,24
2/4/2018,Food,20
2/4/2018,Food,36
2/4/2018,maid,2000
1/4/2018,Interest,345
1/4/2018,Other,5.9
1/4/2018,Other,24.78
1/4/2018,Interest,345.15
1/4/2018,Food,72
1/4/2018,Money transfer,10005.9
31/03/2018 21:39:12,Food,45
31/03/2018 19:45:07,Food,244
31/03/2018 14:48:02,Salary,64636
31/03/2018 13:20:18,Food,419
31/03/2018 11:32:03,Transportation,10
31/03/2018 07:36:40,Interest,589
31/03/2018 07:26:26,Transportation,30
30/03/2018 20:10:12,Food,25
30/03/2018 11:27:41,Food,20
30/03/2018 11:27:33,Food,72
29/03/2018 20:10:25,Food,1234
27/03/2018 19:58:24,Food,35
26/03/2018 13:05:30,Food,72
26/03/2018 09:55:55,subscription,157
25/03/2018 22:20:31,Dividend earned on Shares,40.5
25/03/2018 21:14:42,Transportation,10
25/03/2018 21:14:08,Food,25
25/03/2018 21:13:44,Food,20
25/03/2018 21:13:19,Food,160
25/03/2018 21:12:38,Food,80
25/03/2018 21:12:00,Food,240
23/03/2018 19:48:39,Culture,100
22/03/2018 22:30:49,Food,7
22/03/2018 22:30:20,Food,15
22/03/2018 20:13:48,Household,153
22/03/2018 19:31:37,Food,150
22/03/2018 19:31:16,Food,150
22/03/2018 12:50:18,Food,20
22/03/2018 12:47:34,Food,72
21/03/2018 23:13:13,Food,24
21/03/2018 18:41:45,Household,38
21/03/2018 17:26:41,Family,50
20/03/2018 20:13:08,Food,246
20/03/2018 16:30:07,Other,17
20/03/2018 16:26:08,Food,215.75
20/03/2018 16:15:59,Food,18
20/03/2018 16:15:41,Food,36
20/03/2018 16:15:16,Food,36
18/03/2018 20:40:33,Transportation,10
18/03/2018 18:57:34,Food,15
18/03/2018 18:47:54,Family,799
18/03/2018 18:41:33,Family,498
18/03/2018 17:16:44,Food,50
18/03/2018 17:16:27,Food,30
18/03/2018 17:16:09,Food,10
18/03/2018 16:16:21,Transportation,20
17/03/2018 22:50:45,Food,30
17/03/2018 13:13:18,Food,37
15/03/2018 16:27:45,Food,60
15/03/2018 16:27:45,Food,36
14/03/2018 21:39:40,Household,140
14/03/2018 21:38:13,Food,40
14/03/2018 06:04:18,Food,578
14/03/2018 06:03:35,Saving Bank account 1,42.88
13/03/2018 12:39:40,Family,480
13/03/2018 09:27:56,Food,36
13/03/2018,Small Cap fund 2,5000
13/03/2018,Small cap fund 1,5000
12/3/2018,Transportation,1293
10/3/2018,Household,300
10/3/2018,Health,77
10/3/2018,Food,72
10/3/2018,Food,36
8/3/2018,Apparel,91
8/3/2018,Food,40
8/3/2018,Petty cash,500
8/3/2018,subscription,540
8/3/2018,Food,36
8/3/2018,Food,36
8/3/2018,Equity Mutual Fund E,1000
7/3/2018,Festivals,20
7/3/2018,Food,30
6/3/2018,Health,172
6/3/2018,Health,22
6/3/2018,Education,4
6/3/2018,Petty cash,3500
6/3/2018,Food,36
6/3/2018,Documents,50
6/3/2018,Family,50
5/3/2018,Food,20
5/3/2018,Food,162
5/3/2018,Household,1357
5/3/2018,Household,972
5/3/2018,Other,10
4/3/2018,Family,450
4/3/2018,Food,130
3/3/2018,Dividend earned on Shares,78
3/3/2018,Food,36
2/3/2018,Food,15
1/3/2018,Food,189
1/3/2018,Food,36
1/3/2018,Public Provident Fund,10000
1/3/2018,Saving Bank account 1,2000
1/3/2018,Money transfer,10000
28/02/2018 20:32:55,Food,45
28/02/2018 20:31:38,Food,36
28/02/2018 20:31:10,Food,30
28/02/2018 20:29:59,Food,18
28/02/2018 14:52:04,Salary,64556
27/02/2018 19:44:34,Household,38
27/02/2018 13:21:31,Food,30
26/02/2018 22:48:53,Food,73
26/02/2018 19:32:22,Household,140
26/02/2018 18:25:59,Transportation,443
26/02/2018 12:41:33,Food,17
24/02/2018 20:02:05,Food,40
23/02/2018 22:34:02,Health,128
23/02/2018 07:02:54,Food,20
23/02/2018 06:59:56,Food,72
22/02/2018 23:45:17,subscription,157
22/02/2018 20:39:03,Food,20
22/02/2018 20:38:20,Food,20
22/02/2018 19:19:32,Food,192
22/02/2018,Life Insurance,11043
20/02/2018 21:42:59,Household,2600
19/02/2018 22:15:12,Petty cash,170
19/02/2018 22:15:12,Beauty,170
19/02/2018 09:47:24,Food,72
19/02/2018 09:47:14,Food,24
17/02/2018 23:12:28,Food,1783
17/02/2018 23:10:32,Family,3598
17/02/2018 19:27:16,Transportation,20
17/02/2018 19:26:45,Food,30
16/02/2018 08:44:18,Food,45
16/02/2018 08:41:51,Food,45
16/02/2018 08:41:33,Food,72
15/02/2018 19:48:20,Food,35
15/02/2018 19:47:54,Food,30
15/02/2018 19:46:43,Household,117
14/02/2018 19:12:16,Food,60
13/02/2018 20:24:24,Food,25
13/02/2018 20:23:23,Food,35
13/02/2018 20:22:43,Food,72
13/02/2018 06:58:06,Food,72
13/02/2018,Small Cap fund 2,5000
13/02/2018,Small cap fund 1,5000
12/2/2018,Food,36
12/2/2018,Food,30
12/2/2018,Food,162
11/2/2018,Transportation,30
11/2/2018,Food,235
11/2/2018,Food,15
11/2/2018,Transportation,40
11/2/2018,Transportation,15
10/2/2018,Share Market,4825
10/2/2018,Food,69
9/2/2018,Apparel,98
8/2/2018,Food,35
8/2/2018,Food,25
8/2/2018,Food,69
7/2/2018,Equity Mutual Fund E,1000
6/2/2018,Culture,312
5/2/2018,Family,500
5/2/2018,Food,220
5/2/2018,Food,45
5/2/2018,Food,69
4/2/2018,Food,452
4/2/2018,Food,50
4/2/2018,Food,35
3/2/2018,Food,10
3/2/2018,Transportation,945
3/2/2018,Gpay Reward,6
2/2/2018,Food,82
2/2/2018,Share Market,2836
2/2/2018,Gpay Reward,6
2/2/2018,Family,170
1/2/2018,Food,30
1/2/2018,Food,15
1/2/2018,Share Market,50000
1/2/2018,Public Provident Fund,10000
1/2/2018,Saving Bank account 1,2000
1/2/2018,maid,2000
1/2/2018,Money transfer,10000
31/01/2018 22:00:22,Food,320
31/01/2018 20:01:53,Transportation,50
31/01/2018 08:21:09,Salary,64636
31/01/2018 07:31:34,Food,69
30/01/2018 21:05:31,Household,10
30/01/2018 21:05:19,Food,20
30/01/2018 15:31:24,Share Market,10000
30/01/2018 08:47:37,Family,100
29/01/2018 07:50:07,Food,45
29/01/2018 07:49:51,Food,42
29/01/2018 07:49:22,Food,69
28/01/2018 19:26:02,Food,24
28/01/2018 19:24:01,Household,976.9
28/01/2018 19:16:31,Household,764
27/01/2018 18:15:53,Transportation,43000
27/01/2018 09:57:14,Share Market,30000
26/01/2018 14:11:01,Transportation,15
26/01/2018 12:38:42,Transportation,20
26/01/2018 12:37:47,Apparel,1009
26/01/2018 10:06:07,Food,20
26/01/2018 10:05:55,Food,69
26/01/2018 10:03:44,Food,25
26/01/2018 10:03:28,Household,38
25/01/2018 13:24:57,Food,70
24/01/2018 16:33:41,Saving Bank account 1,97.14
24/01/2018 09:51:12,Food,35
23/01/2018 21:28:59,Household,273
22/01/2018 19:05:26,Food,14
22/01/2018 12:08:08,Food,162
22/01/2018 10:25:23,Health,30
22/01/2018 10:25:11,Food,69
21/01/2018 19:44:43,Food,384
20/01/2018 23:30:27,Amazon pay cashback,2
20/01/2018 20:53:43,Food,10
20/01/2018 20:53:20,Food,45
20/01/2018 10:18:03,subscription,179
19/01/2018 22:24:42,Food,17
19/01/2018 22:24:20,Household,53
19/01/2018 22:23:35,Food,20
19/01/2018 22:22:37,Household,46
18/01/2018 21:57:46,Transportation,50000
18/01/2018 15:09:12,Food,219
18/01/2018 07:55:29,Food,42
18/01/2018 07:55:00,Food,69
16/01/2018 09:20:40,Household,165
16/01/2018 08:22:48,Food,69
16/01/2018 07:11:55,Social Life,298
15/01/2018 16:55:27,Food,284
15/01/2018 16:54:35,Food,38
15/01/2018 13:51:31,Transportation,40
15/01/2018 13:50:29,Transportation,266
14/01/2018 15:23:43,Transportation,40
14/01/2018 15:22:04,Household,798
14/01/2018 15:22:51,Transportation,20
14/01/2018 15:22:40,Transportation,25
14/01/2018 15:21:39,Apparel,199
14/01/2018 12:21:16,Transportation,23
14/01/2018 10:54:48,Transportation,40
14/01/2018 07:30:30,Transportation,15
13/01/2018 20:57:11,Health,740
13/01/2018 20:55:55,Apparel,80
13/01/2018,Small Cap fund 2,5000
13/01/2018,Small cap fund 1,5000
12/1/2018,Household,226
12/1/2018,Health,500
12/1/2018,Share Market,20000
12/1/2018,Equity Mutual Fund A,1000
11/1/2018,Food,42
11/1/2018,Food,69
10/1/2018,Food,40
9/1/2018,Food,34
9/1/2018,Food,69
8/1/2018,Food,20
8/1/2018,Other,2000
8/1/2018,Household,1399
8/1/2018,Food,104
8/1/2018,Household,165
7/1/2018,Food,20
7/1/2018,Transportation,20
7/1/2018,Equity Mutual Fund E,1000
6/1/2018,subscription,810
6/1/2018,Household,38
6/1/2018,Household,100
6/1/2018,Food,20
6/1/2018,Food,69
5/1/2018,Maturity amount,6049
4/1/2018,Household,270
4/1/2018,Household,130
4/1/2018,Food,70
4/1/2018,Small cap fund 1,5000
4/1/2018,Small Cap fund 2,5000
4/1/2018,Documents,50
4/1/2018,Maturity amount,113376
4/1/2018,Maturity amount,106875
3/1/2018,Food,681
3/1/2018,Transportation,1000
3/1/2018,Food,40
3/1/2018,Food,69
2/1/2018,Household,1140
2/1/2018,Health,158
1/1/2018,subscription,482
1/1/2018,Food,15
1/1/2018,Household,599
1/1/2018,Food,69
1/1/2018,Money transfer,30000
1/1/2018,maid,2000
1/1/2018,Saving Bank account 1,2000
1/1/2018,Public Provident Fund,10000
31/12/2017 13:25:39,Food,30
31/12/2017 08:15:25,Salary,64623
31/12/2017 07:21:05,Interest,594
30/12/2017 10:51:45,Food,25
29/12/2017 21:36:07,Family,450
29/12/2017 18:22:49,Food,30
29/12/2017 18:22:25,Household,182
29/12/2017 18:22:11,Food,5
29/12/2017 13:00:01,subscription,181
28/12/2017 18:27:52,Food,10
27/12/2017 18:43:16,Food,70
26/12/2017 21:55:12,Fixed Deposit,250000
26/12/2017 21:50:33,Saving Bank account 1,150000
26/12/2017 19:35:40,subscription,1749
25/12/2017 17:43:26,subscription,156
25/12/2017 11:53:26,subscription,181
25/12/2017 05:48:15,Transportation,80
24/12/2017 21:24:36,Transportation,30
24/12/2017 19:28:25,Gift,1364
24/12/2017 19:28:11,Food,25
24/12/2017 19:27:42,Household,100
24/12/2017 08:06:55,Food,35
23/12/2017 11:06:42,Gift,798
22/12/2017 14:42:54,Food,380
22/12/2017,Equity Mutual Fund C,1000
21/12/2017 20:45:11,Food,15
21/12/2017 20:45:25,Household,118
21/12/2017 14:34:40,Food,65
21/12/2017 14:34:05,Food,70
20/12/2017 10:31:16,Food,95
20/12/2017 10:31:16,subscription,28400
19/12/2017 20:59:27,Gpay Reward,6
19/12/2017 20:25:07,Family,500
19/12/2017 18:57:13,Food,45
19/12/2017 17:53:14,Saving Bank account 1,108.96
19/12/2017 17:53:27,Transportation,10
19/12/2017 06:38:08,Food,69
18/12/2017 06:00:09,Apparel,312
17/12/2017 22:28:06,Food,505
17/12/2017 22:27:36,Transportation,30
17/12/2017 22:26:42,Household,878
17/12/2017 17:49:59,Food,20
17/12/2017 17:48:57,Transportation,25
17/12/2017 16:28:43,Transportation,20
17/12/2017 16:28:24,Transportation,15
16/12/2017 07:24:10,Food,69
15/12/2017 07:24:31,Other,10
15/12/2017 07:24:31,Food,15
14/12/2017 20:17:25,Petty cash,3000
14/12/2017 20:17:25,Food,145
13/12/2017 22:00:09,Apparel,98
13/12/2017 17:42:27,Family,20
13/12/2017 07:31:27,Food,69
12/12/2017,Food,40
12/12/2017,Food,100
12/12/2017,Food,80
12/12/2017,Equity Mutual Fund F,1000
10/12/2017,Food,90
10/12/2017,Food,310
10/12/2017,Food,25
10/12/2017,Food,65
9/12/2017,Food,85
8/12/2017,Food,408
7/12/2017,Food,69
7/12/2017,Equity Mutual Fund E,1000
6/12/2017,Food,125
5/12/2017,subscription,100
5/12/2017,subscription,2700
5/12/2017,Equity Mutual Fund A,1000
4/12/2017,Household,937
4/12/2017,Household,990
4/12/2017,Food,120
4/12/2017,Maturity amount,14086
4/12/2017,Gpay Reward,6
4/12/2017,Food,35
4/12/2017,Food,50
4/12/2017,Food,69
4/12/2017,subscription,110
3/12/2017,Food,30
3/12/2017,Food,290
3/12/2017,Other,20
3/12/2017,Beauty,160
2/12/2017,Food,35
2/12/2017,Food,69
1/12/2017,Food,125
1/12/2017,Gpay Reward,6
1/12/2017,Food,69
1/12/2017,maid,2000
1/12/2017,Saving Bank account 1,2000
1/12/2017,Saving Bank account 1,100000
1/12/2017,Public Provident Fund,40000
1/12/2017,Recurring Deposit,1000
1/12/2017,Recurring Deposit,1000
30/11/2017 20:20:53,Health,22
30/11/2017 20:20:53,Health,800
30/11/2017 20:20:53,Health,22700
30/11/2017 16:56:20,Money transfer,10000
30/11/2017 16:17:01,Saving Bank account 2,77.33
30/11/2017 08:55:08,Family,50
30/11/2017 08:15:06,Salary,64636
28/11/2017 17:35:35,Food,90
28/11/2017 17:35:35,Food,42
28/11/2017 17:35:35,Food,18
28/11/2017 17:35:35,Household,115
28/11/2017 17:35:35,Food,140
28/11/2017 08:30:27,Food,69
27/11/2017 21:05:52,Health,1000
27/11/2017 21:05:37,Gpay Reward,7
27/11/2017 16:07:30,Transportation,30
27/11/2017 13:39:29,Transportation,30
27/11/2017 13:38:55,Transportation,5
27/11/2017 13:38:20,Apparel,2699
26/11/2017 22:26:15,Gpay Reward,8
26/11/2017 20:30:45,Transportation,40
26/11/2017 20:30:12,Health,159
26/11/2017 17:29:44,Transportation,40
26/11/2017 17:25:47,Health,400
26/11/2017 16:59:29,Transportation,10
25/11/2017 10:25:57,subscription,156
25/11/2017 09:29:45,Food,69
25/11/2017 09:29:08,Apparel,90
25/11/2017 08:35:44,Food,10
24/11/2017 12:22:39,Culture,314
23/11/2017 12:22:39,Food,23
23/11/2017 12:22:39,Food,17
23/11/2017 12:22:39,Food,21
23/11/2017 06:16:26,Food,69
22/11/2017,Equity Mutual Fund C,1000
22/11/2017,Life Insurance,11043
20/11/2017 18:39:39,Food,70
20/11/2017 18:39:05,scrap,200
19/11/2017 20:23:22,Food,20
19/11/2017 20:23:06,Transportation,30
19/11/2017 20:22:43,Transportation,20
19/11/2017 20:22:19,Transportation,30
19/11/2017 13:58:30,Culture,436
18/11/2017 22:20:50,Household,242
18/11/2017 20:32:08,Food,39
18/11/2017 15:03:07,subscription,147
18/11/2017 11:06:13,Self-development,950
18/11/2017 08:04:11,Food,104
17/11/2017 22:26:31,Food,105
17/11/2017 22:25:48,Household,80
17/11/2017 13:37:44,Food,28
16/11/2017 05:55:14,Food,70
15/11/2017 20:48:26,Food,524
15/11/2017 20:47:14,Household,209
15/11/2017 20:46:34,Education,45
15/11/2017 20:46:03,Food,25
15/11/2017 20:43:38,Household,95
14/11/2017 22:09:11,Food,125
14/11/2017 22:08:41,Family,770
14/11/2017 20:19:17,Food,160
13/11/2017 20:18:43,Household,180
13/11/2017 20:18:06,Food,70
13/11/2017 20:17:37,Food,50
13/11/2017 20:17:00,Household,268
13/11/2017 20:16:48,Food,60
12/11/2017,Transportation,30
12/11/2017,Food,1525
12/11/2017,Food,12
12/11/2017,Household,130
12/11/2017,Household,120
12/11/2017,Other,3690
12/11/2017,Transportation,34
12/11/2017,Transportation,30
12/11/2017,Transportation,40
11/11/2017,Food,39
11/11/2017,Food,26
10/11/2017,Equity Mutual Fund F,1000
9/11/2017,Apparel,72
9/11/2017,Household,20
9/11/2017,Household,67
9/11/2017,Health,100
9/11/2017,Food,40
9/11/2017,Food,70
8/11/2017,Household,539
8/11/2017,Gpay Reward,6
8/11/2017,Food,130
7/11/2017,Food,70
7/11/2017,Equity Mutual Fund E,1000
6/11/2017,Food,39
5/11/2017,Transportation,15
5/11/2017,subscription,200
5/11/2017,Equity Mutual Fund A,1000
3/11/2017,Saving Bank account 1,2000
3/11/2017,subscription,2700
2/11/2017,Food,20
2/11/2017,Other,130
1/11/2017,subscription,296
1/11/2017,Salary,78298
1/11/2017,Recurring Deposit,1000
1/11/2017,Recurring Deposit,1000
1/11/2017,Public Provident Fund,10000
1/11/2017,Money transfer,10000
29/10/2017 22:56:05,subscription,296
29/10/2017 22:24:14,subscription,296
29/10/2017 21:54:53,subscription,795.49
27/10/2017 12:55:49,Transportation,40
26/10/2017 19:24:35,Transportation,50
26/10/2017 19:23:26,Festivals,50
26/10/2017 16:34:04,Festivals,10
26/10/2017 13:01:57,Festivals,500
25/10/2017 21:51:03,Petty cash,3000
24/10/2017 18:27:42,subscription,296
24/10/2017 10:58:47,Food,10
23/10/2017 21:28:37,Household,9
23/10/2017 19:00:08,Apparel,220
23/10/2017 18:57:11,Festivals,200
23/10/2017 18:54:46,Household,99
23/10/2017 11:03:59,Household,27
23/10/2017 09:02:11,Household,50
23/10/2017 04:23:50,subscription,191
22/10/2017 18:35:25,Transportation,50
22/10/2017,Equity Mutual Fund C,1000
21/10/2017 21:32:40,Other,1888
21/10/2017 19:30:30,Food,33
21/10/2017 13:43:21,maid,2000
20/10/2017 23:03:35,Gift,200
20/10/2017 19:54:58,Festivals,20
19/10/2017 21:44:36,Food,25
18/10/2017 19:24:45,Transportation,1333
18/10/2017 19:16:25,Transportation,1231
17/10/2017 13:18:33,Petty cash,3000
13/10/2017 12:33:18,Family,70
11/10/2017,Equity Mutual Fund D,10000
11/10/2017,Transportation,658.6
10/10/2017,Household,14
10/10/2017,Share Market,150000
10/10/2017,Equity Mutual Fund F,1000
9/10/2017,Food,230
9/10/2017,Food,280
9/10/2017,subscription,5640
8/10/2017,Gift,6500
8/10/2017,Family,3198
7/10/2017,Equity Mutual Fund E,1000
6/10/2017,Health,468
5/10/2017,Other,200
5/10/2017,Equity Mutual Fund A,1000
4/10/2017,subscription,2700
4/10/2017,Health,50
4/10/2017,Family,400
2/10/2017,Household,3055
2/10/2017,maid,2000
1/10/2017,subscription,149
1/10/2017,Recurring Deposit,1000
1/10/2017,Recurring Deposit,1000
1/10/2017,Public Provident Fund,10000
1/10/2017,Money transfer,10000
30/09/2017 20:24:16,Health,59
30/09/2017 20:24:02,Household,155
30/09/2017 20:23:13,Food,135
30/09/2017 20:22:53,Food,30
30/09/2017 17:03:55,Household,600
30/09/2017 10:12:34,Salary,61578
30/09/2017 07:40:38,Interest,778
29/09/2017 21:53:47,Apparel,60
29/09/2017 21:53:28,Food,25
29/09/2017 21:53:08,Food,10
29/09/2017 21:52:32,Health,21
28/09/2017 18:32:23,subscription,215
28/09/2017 16:58:46,Transportation,2388
27/09/2017 20:17:00,Household,312
27/09/2017 15:55:05,Gpay Reward,6
27/09/2017 15:53:49,Gift,334
25/09/2017 17:57:52,Food,30
25/09/2017 17:56:56,Food,300
24/09/2017 21:05:55,Transportation,30
24/09/2017 21:05:24,Transportation,10
24/09/2017 15:58:33,Culture,560
24/09/2017 11:36:54,Food,280
24/09/2017 11:36:37,Beauty,100
23/09/2017 21:04:58,Food,100
22/09/2017,Equity Mutual Fund C,1000
21/09/2017 15:07:52,Other,10
21/09/2017 15:06:36,Transportation,15
21/09/2017 12:45:28,Food,15
21/09/2017 12:45:22,Food,10
21/09/2017 08:05:45,Transportation,30
21/09/2017 07:52:53,Family,70
20/09/2017 19:14:29,Health,20
20/09/2017 14:01:38,Other,100
20/09/2017 14:01:26,Family,20
18/09/2017 20:35:36,Health,55
18/09/2017 10:22:42,Food,60
18/09/2017 10:22:20,Food,55
17/09/2017 21:47:23,Household,114
17/09/2017 12:45:37,Health,151
17/09/2017 10:50:40,Household,558
17/09/2017 10:50:23,Food,35
17/09/2017 10:50:09,Food,99
15/09/2017 22:32:40,Food,60
15/09/2017 13:32:36,Food,130
15/09/2017 11:48:48,Food,55
15/09/2017 11:48:08,Health,373
15/09/2017 11:47:49,Health,150
15/09/2017 11:46:38,Transportation,1400
15/09/2017 09:56:50,Food,24
15/09/2017 09:56:30,Food,50
15/09/2017 09:56:20,Food,66
14/09/2017 06:21:12,Food,282
14/09/2017 06:21:12,subscription,100
13/09/2017 21:24:47,Food,110
12/9/2017,Gpay Reward,5
12/9/2017,Food,66
11/9/2017,Transportation,60
11/9/2017,Transportation,2598
11/9/2017,Family,2500
11/9/2017,Gpay Reward,6
11/9/2017,Food,285
11/9/2017,Transportation,100
11/9/2017,Transportation,30
11/9/2017,Food,93
10/9/2017,Household,514
10/9/2017,Equity Mutual Fund F,1000
9/9/2017,Health,45
8/9/2017,Transportation,1440
8/9/2017,Food,196
7/9/2017,Equity Mutual Fund E,1000
6/9/2017,Family,500
6/9/2017,Other,20
6/9/2017,Food,140
5/9/2017,subscription,2700
5/9/2017,Education,50
5/9/2017,Equity Mutual Fund A,1000
4/9/2017,Food,40
3/9/2017,Other,15
3/9/2017,subscription,170
1/9/2017,maid,820
1/9/2017,Food,66
1/9/2017,Recurring Deposit,1000
1/9/2017,Recurring Deposit,1000
1/9/2017,Public Provident Fund,10000
1/9/2017,Money transfer,10000
31/08/2017 16:31:29,Other,17.7
31/08/2017 10:23:19,Household,60
31/08/2017 10:22:22,Household,10
31/08/2017 10:22:07,Household,5
31/08/2017 10:21:37,Household,25
31/08/2017 06:56:51,Gpay Reward,5
31/08/2017 06:56:39,Gpay Reward,14
31/08/2017 06:56:17,Food,99
30/08/2017 21:59:50,Health,22
30/08/2017 18:55:32,Salary,61578
29/08/2017 12:03:54,Transportation,640
28/08/2017 12:06:47,Tourism,200
28/08/2017 12:06:47,Food,20
27/08/2017 04:44:32,Tourism,100
27/08/2017 04:44:32,Health,59
27/08/2017 04:44:32,Transportation,200
26/08/2017 22:17:11,Food,5
26/08/2017 07:46:28,Maturity amount,61754
25/08/2017 05:51:28,Health,39
24/08/2017 22:31:56,Transportation,40
24/08/2017 22:31:56,Food,325
24/08/2017 16:09:59,Household,3000
24/08/2017 16:09:05,Apparel,5200
23/08/2017 14:08:23,Food,300
23/08/2017 14:07:44,Transportation,850
22/08/2017 16:11:00,Family,5000
22/08/2017 16:11:00,Household,300
22/08/2017,Life Insurance,11043
22/08/2017,Equity Mutual Fund C,1000
21/08/2017 18:02:58,Household,280
21/08/2017 18:02:12,Beauty,50
21/08/2017 11:59:10,Food,33
21/08/2017 11:58:05,Beauty,80
21/08/2017 11:52:41,Education,27
20/08/2017 21:01:24,Food,166
20/08/2017 21:00:13,Food,504
20/08/2017 20:59:43,Transportation,60
20/08/2017 20:58:50,Transportation,361
20/08/2017 20:58:05,Transportation,25
20/08/2017 20:57:31,Transportation,60
20/08/2017 20:57:08,Transportation,30
20/08/2017 09:37:13,Apparel,48
20/08/2017 00:08:12,Other,239
20/08/2017 00:07:49,Household,569
19/08/2017 11:50:16,Household,60
19/08/2017 11:49:46,Household,20
19/08/2017 11:49:24,Household,45
19/08/2017 11:48:49,subscription,217
18/08/2017 15:33:07,Family,100
17/08/2017 23:22:21,maid,1020
17/08/2017 19:38:57,Household,88
17/08/2017 19:36:33,Food,45
15/08/2017 19:36:01,Household,1400
15/08/2017 12:51:45,Food,99
14/08/2017 20:03:33,Household,320
14/08/2017 11:44:04,Household,112
12/8/2017,Festivals,800
12/8/2017,Transportation,1665
11/8/2017,Gift,500
11/8/2017,Transportation,470
11/8/2017,Transportation,100
11/8/2017,Transportation,330
11/8/2017,Transportation,60
10/8/2017,Household,76
10/8/2017,Food,66
10/8/2017,Gpay Reward,3
10/8/2017,Equity Mutual Fund F,1000
9/8/2017,Gpay Reward,6
9/8/2017,Household,218
9/8/2017,Health,125
8/8/2017,Tourism,43000
8/8/2017,Food,66
7/8/2017,Gpay Reward,6
7/8/2017,Family,5000
7/8/2017,Food,33
7/8/2017,Equity Mutual Fund E,1000
6/8/2017,Gpay Reward,6
6/8/2017,Health,22
6/8/2017,subscription,170
6/8/2017,Household,302
6/8/2017,Food,5
6/8/2017,Food,25
5/8/2017,Gift,909
5/8/2017,Gift,1145
5/8/2017,Apparel,989
5/8/2017,Health,27
5/8/2017,Family,100
5/8/2017,Health,6190
5/8/2017,Equity Mutual Fund A,1000
4/8/2017,Gpay Reward,11
4/8/2017,subscription,2999
4/8/2017,Food,68
3/8/2017,subscription,170
2/8/2017,subscription,2700
2/8/2017,Food,14
2/8/2017,Food,66
1/8/2017,Apparel,399
1/8/2017,Health,10
1/8/2017,Recurring Deposit,1000
1/8/2017,Recurring Deposit,1000
1/8/2017,Money transfer,10000
1/8/2017,Public Provident Fund,10000
31/07/2017 21:14:52,Food,100
31/07/2017 12:12:39,Transportation,65
31/07/2017 09:51:59,Food,22
30/07/2017 21:33:27,Gpay Reward,6
30/07/2017 21:33:27,Food,20
30/07/2017 21:33:27,Transportation,895
30/07/2017 15:38:49,Household,1000
30/07/2017 15:36:42,Household,3000
30/07/2017 14:20:18,Food,100
30/07/2017 14:19:42,Transportation,20
30/07/2017 07:48:51,Salary,61578
29/07/2017 13:30:49,Food,64
29/07/2017 13:30:49,Health,556
29/07/2017 09:48:55,Transportation,97
28/07/2017 16:20:14,Transportation,30
28/07/2017 15:25:34,Health,167
28/07/2017 11:31:24,Health,3050
28/07/2017 11:31:02,Transportation,20
28/07/2017 11:30:45,Transportation,30
27/07/2017 20:33:23,Food,215
27/07/2017 20:05:23,Food,203
27/07/2017 06:05:30,Household,200
27/07/2017 05:40:08,Maturity amount,40326
27/07/2017 05:39:02,Maturity amount,40326
26/07/2017 19:31:06,Tax refund,19350
25/07/2017 19:31:06,Tourism,20000
24/07/2017 21:52:22,Food,248
24/07/2017 10:04:20,Food,22
24/07/2017 10:03:43,Food,64
23/07/2017 16:02:41,Household,200
23/07/2017 15:57:31,Household,2065
23/07/2017 12:30:28,Food,52
22/07/2017 14:55:35,Food,64
21/07/2017 13:36:14,Equity Mutual Fund C,1000
21/07/2017 13:16:01,Other,1000
21/07/2017 08:46:09,Food,33
20/07/2017 19:32:11,Food,88
20/07/2017 19:31:37,Food,50
20/07/2017 15:14:48,subscription,2545
20/07/2017 12:03:16,Food,32
19/07/2017 08:44:38,Food,22
19/07/2017 08:44:20,Food,32
18/07/2017 21:44:59,Food,20
18/07/2017 21:44:29,Food,70
18/07/2017 21:02:27,Food,43
18/07/2017 21:00:34,Food,35
18/07/2017 20:59:33,Household,240
18/07/2017 20:58:55,Household,540
18/07/2017 20:58:13,Other,25
18/07/2017 20:55:35,Food,55
17/07/2017 22:16:39,Transportation,30
17/07/2017 22:16:02,Apparel,63
17/07/2017 16:53:08,Food,60
17/07/2017 16:21:41,Food,540
17/07/2017 12:58:38,Transportation,40
15/07/2017 19:01:54,Food,25
15/07/2017 13:07:28,Food,32
14/07/2017 20:01:33,Food,15
12/7/2017,Gpay Reward,6
12/7/2017,Equity Mutual Fund B,100000
12/7/2017,Gift,500
12/7/2017,Food,64
11/7/2017,Food,15
11/7/2017,Education,10
11/7/2017,Family,5000
11/7/2017,Other,20000
11/7/2017,Family,1500
10/7/2017,Food,50
10/7/2017,Equity Mutual Fund F,1000
9/7/2017,Household,2923
9/7/2017,Food,20
9/7/2017,Food,20
9/7/2017,Transportation,12
9/7/2017,Transportation,80
9/7/2017,Transportation,30
8/7/2017,Food,30
8/7/2017,Food,26
8/7/2017,Food,64
7/7/2017,Equity Mutual Fund E,1000
6/7/2017,Equity Mutual Fund E,50000
5/7/2017,Food,115
5/7/2017,Food,100
5/7/2017,Food,180
5/7/2017,Equity Mutual Fund A,50000
5/7/2017,Equity Mutual Fund F,50000
5/7/2017,Food,45
5/7/2017,Equity Mutual Fund A,1000
4/7/2017,Food,25
4/7/2017,subscription,2700
4/7/2017,Transportation,60
4/7/2017,Food,35
4/7/2017,Food,64
3/7/2017,Other,5
3/7/2017,subscription,170
2/7/2017,Food,140
1/7/2017,Saving Bank account 2,100
1/7/2017,Transportation,1711
1/7/2017,Recurring Deposit,1000
1/7/2017,Recurring Deposit,1000
1/7/2017,Money transfer,10000
1/7/2017,Public Provident Fund,10000
30/06/2017 08:43:56,Gift,4800
30/06/2017 07:57:06,Interest,870
30/06/2017 07:57:44,Salary,56957
29/06/2017 19:49:10,Beauty,60
29/06/2017 07:48:30,Transportation,50
28/06/2017 22:51:12,Transportation,30
28/06/2017 22:50:55,Transportation,30
28/06/2017 13:34:41,Food,186.5
28/06/2017 10:19:28,Food,15
28/06/2017 09:41:39,Family,1500
28/06/2017 09:18:53,maid,2000
27/06/2017 10:04:24,Recurring Deposit,1000
27/06/2017 10:00:50,Fixed Deposit,200000
27/06/2017 09:32:15,Health,12
26/06/2017 11:38:42,Food,24
26/06/2017 11:38:23,Food,20
26/06/2017 11:38:08,Food,64
25/06/2017 13:38:59,Transportation,10
24/06/2017 09:11:16,Food,64
23/06/2017 09:52:10,Food,35
23/06/2017 09:52:10,Other,590
22/06/2017 23:26:41,Food,64
22/06/2017 23:05:45,Gift,1595
22/06/2017 23:04:54,Food,261
22/06/2017 23:03:08,Transportation,20
22/06/2017 23:02:07,Transportation,30
20/06/2017 21:08:28,Gift,250
19/06/2017 10:19:53,Food,60
19/06/2017 10:19:53,Food,141
19/06/2017 10:19:53,Food,80
19/06/2017 10:19:33,Food,18
19/06/2017 10:19:14,Food,64
18/06/2017 20:01:48,Transportation,12
18/06/2017 20:01:09,Transportation,15
17/06/2017 10:25:13,Food,64
16/06/2017 23:18:37,Gift,137
16/06/2017 19:03:15,Food,64
15/06/2017 19:01:47,Other,50
15/06/2017 19:01:47,Education,29
13/06/2017 20:06:49,Food,64
11/6/2017,Beauty,100
11/6/2017,Food,64
10/6/2017,Health,386
10/6/2017,Transportation,501
10/6/2017,subscription,170
10/6/2017,Recurring Deposit,1000
10/6/2017,Equity Mutual Fund F,1000
8/6/2017,Transportation,30
8/6/2017,Transportation,30
8/6/2017,Culture,760
8/6/2017,Food,35
8/6/2017,Food,64
8/6/2017,Food,35
7/6/2017,Household,26
7/6/2017,Equity Mutual Fund E,1000
6/6/2017,Education,3
6/6/2017,Food,40
6/6/2017,Food,64
5/6/2017,Food,180
5/6/2017,Food,20
5/6/2017,Health,18
5/6/2017,Health,190
5/6/2017,Family,2500
5/6/2017,Recurring Deposit,1000
5/6/2017,Equity Mutual Fund A,1000
4/6/2017,Food,25
4/6/2017,Food,64
3/6/2017,Food,20
3/6/2017,Household,267
3/6/2017,Food,242.95
3/6/2017,subscription,2700.1
2/6/2017,Food,20
2/6/2017,Food,141
1/6/2017,Food,24
1/6/2017,Food,65
1/6/2017,Saving Bank account 2,100
1/6/2017,Public Provident Fund,10000
1/6/2017,maid,1000
1/6/2017,Money transfer,10000
31/05/2017 20:47:17,Apparel,655
31/05/2017 10:25:17,Salary,56970
30/05/2017 19:57:58,Food,25
30/05/2017 19:57:58,Transportation,30
30/05/2017 17:04:28,Food,40
30/05/2017 17:04:07,Food,120
30/05/2017 17:02:53,Household,275
30/05/2017 11:35:31,Food,34
30/05/2017 09:41:31,Transportation,80
30/05/2017 09:41:14,Transportation,30
29/05/2017 09:25:48,Food,35
29/05/2017 09:25:48,Education,30
29/05/2017 09:25:48,Food,64
28/05/2017 20:47:33,Household,996
28/05/2017 20:47:18,Food,24
28/05/2017 19:39:31,Food,45
28/05/2017 19:39:11,Food,140
28/05/2017 19:27:51,Food,30
28/05/2017 19:27:36,Food,60
28/05/2017 19:16:01,Food,70
27/05/2017 18:20:47,Food,64
27/05/2017 13:21:21,Education,20
27/05/2017 13:21:01,Food,20
25/05/2017 08:47:34,Food,30
25/05/2017 08:47:34,Transportation,15
24/05/2017 08:46:43,subscription,261
24/05/2017 08:46:43,Food,15
24/05/2017 08:46:43,Transportation,30
24/05/2017 08:46:32,Food,64
23/05/2017 22:10:00,Food,25
23/05/2017 22:09:27,Household,46
23/05/2017 22:08:10,Education,75
22/05/2017 17:30:12,Food,88
22/05/2017 17:29:38,Household,50
22/05/2017 09:55:12,Food,40
22/05/2017 09:44:08,Food,15
22/05/2017,Life Insurance,11043
21/05/2017 15:34:55,Transportation,30
21/05/2017 15:33:51,Transportation,30
21/05/2017 15:26:54,Food,24
21/05/2017 09:40:52,Transportation,20
21/05/2017,subscription,261
18/05/2017 16:11:48,Food,219
18/05/2017 16:11:48,Food,10
18/05/2017 16:11:26,Food,60
18/05/2017 16:11:08,Food,45
18/05/2017 11:06:52,Food,25
18/05/2017 11:06:30,Beauty,50
18/05/2017 11:06:19,Food,64
18/05/2017 11:06:06,Food,10
17/05/2017 14:12:16,Food,5
17/05/2017 14:12:16,Food,99
17/05/2017 14:12:16,Food,210
17/05/2017 10:27:35,Food,10
16/05/2017 19:10:09,Food,10
16/05/2017 14:39:07,Beauty,247
16/05/2017 13:22:48,Food,234
16/05/2017 13:11:02,Food,5
15/05/2017 20:42:20,subscription,380
15/05/2017 19:28:42,Food,100
15/05/2017 19:28:22,Food,35
14/05/2017 20:06:03,Household,50
14/05/2017 14:21:59,Food,242
13/05/2017 20:51:02,Food,242
13/05/2017 18:02:21,Food,10
13/05/2017 18:02:10,Food,20
13/05/2017 10:43:50,Food,5
13/05/2017 10:43:17,Food,35
12/5/2017,Food,10
12/5/2017,Food,20
12/5/2017,Food,10
12/5/2017,Family,5000
11/5/2017,Food,233
11/5/2017,subscription,230
11/5/2017,Food,10
11/5/2017,Beauty,318
10/5/2017,Education,100
10/5/2017,Education,12
10/5/2017,Education,24
10/5/2017,Food,20
10/5/2017,Food,125
10/5/2017,Food,45
10/5/2017,Food,34
10/5/2017,Recurring Deposit,1000
10/5/2017,Equity Mutual Fund F,1000
9/5/2017,Food,40
9/5/2017,Food,10
9/5/2017,Food,20
9/5/2017,Food,45
8/5/2017,Food,191
8/5/2017,Food,35
7/5/2017,Food,30
7/5/2017,Food,98
7/5/2017,subscription,296
7/5/2017,Food,45
7/5/2017,Equity Mutual Fund E,1000
6/5/2017,Food,25
6/5/2017,Food,20
6/5/2017,Food,10
6/5/2017,Food,330
5/5/2017,Food,45
5/5/2017,Food,20
5/5/2017,Food,33
5/5/2017,Recurring Deposit,1000
5/5/2017,Equity Mutual Fund A,1000
4/5/2017,subscription,296
3/5/2017,Transportation,15
3/5/2017,Transportation,60
3/5/2017,Transportation,30
3/5/2017,Transportation,10
3/5/2017,Household,8825
3/5/2017,Gift,1811
3/5/2017,Transportation,1100
3/5/2017,subscription,2700.1
2/5/2017,Health,40
2/5/2017,Apparel,2421
2/5/2017,Food,20
2/5/2017,Food,64
1/5/2017,maid,1000
1/5/2017,Food,321
1/5/2017,Transportation,30
1/5/2017,Transportation,10
1/5/2017,Transportation,30
1/5/2017,Apparel,399
1/5/2017,Apparel,599
1/5/2017,Other,100
1/5/2017,Food,47
1/5/2017,Public Provident Fund,10000
1/5/2017,Money transfer,10000
30/04/2017 23:04:01,Food,10
30/04/2017 21:08:58,Salary,56957
30/04/2017 21:03:55,Transportation,30
30/04/2017 21:03:30,Food,25
30/04/2017 21:02:52,Food,221
30/04/2017 19:53:16,Food,110
30/04/2017 08:32:12,Food,17
30/04/2017 08:31:52,Food,64
28/04/2017 11:17:49,Food,30
28/04/2017 11:17:49,subscription,149
27/04/2017 09:35:41,Food,64
26/04/2017 11:25:09,Gift,385
25/04/2017 10:30:36,Food,24
25/04/2017 09:21:54,Transportation,10
25/04/2017 09:21:21,Transportation,20
25/04/2017 09:21:02,Transportation,30
25/04/2017 09:20:48,Food,64
24/04/2017 23:51:40,Other,170
23/04/2017 23:52:40,Food,15
23/04/2017 23:52:40,Food,40
22/04/2017 09:06:19,Food,20
22/04/2017 09:06:19,Transportation,30
22/04/2017 07:26:43,Food,205
21/04/2017 20:26:04,Health,40
21/04/2017,subscription,261
20/04/2017 20:42:02,Household,621.68
20/04/2017 14:03:33,Food,64
18/04/2017 18:20:51,Food,20
18/04/2017 13:19:27,Food,64
17/04/2017 19:56:53,Food,1076
17/04/2017 19:56:53,Family,1497
16/04/2017 16:30:39,subscription,192
14/04/2017 20:04:31,Family,5000
12/4/2017,Food,125
10/4/2017,Food,20
10/4/2017,Recurring Deposit,1000
10/4/2017,Equity Mutual Fund F,1000
7/4/2017,Equity Mutual Fund E,1000
6/4/2017,Transportation,213.6
5/4/2017,Recurring Deposit,1000
5/4/2017,Equity Mutual Fund A,1000
4/4/2017,Food,45
3/4/2017,Food,60
3/4/2017,subscription,2700.1
1/4/2017,Food,40
1/4/2017,Food,10
1/4/2017,Food,52
1/4/2017,Public Provident Fund,10000
1/4/2017,Money transfer,10000
31/03/2017 22:08:00,Salary,56102
31/03/2017 21:08:42,Transportation,60
31/03/2017 21:07:22,Transportation,30
31/03/2017 21:06:32,Transportation,30
31/03/2017 21:03:22,Food,495
31/03/2017 21:02:45,Transportation,15
31/03/2017 21:01:20,Household,2500
31/03/2017 21:00:41,Transportation,15
31/03/2017 10:20:31,Transportation,30
30/03/2017 20:15:18,Interest,508
30/03/2017 20:15:18,Household,245
28/03/2017 11:59:46,Food,12
27/03/2017 21:25:32,Household,260
27/03/2017 21:25:08,Food,60
26/03/2017 19:25:27,Household,786
26/03/2017 13:43:07,Food,60
25/03/2017 14:50:06,Food,20
25/03/2017 14:50:06,Gpay Reward,6
25/03/2017 14:50:06,Health,29
25/03/2017 14:50:06,Health,110
25/03/2017 14:49:45,Transportation,900
25/03/2017 13:41:02,Health,150
25/03/2017 09:14:09,Food,60
23/03/2017 22:04:15,Family,3000
23/03/2017 22:03:29,Food,60
23/03/2017 13:49:11,Other,1499
22/03/2017 23:18:47,Transportation,20
22/03/2017 23:16:53,Transportation,50
22/03/2017 23:14:21,Household,500
22/03/2017 23:11:47,Transportation,33
22/03/2017 23:11:47,Transportation,18
22/03/2017 23:10:50,Transportation,20
22/03/2017 23:10:50,Transportation,30
22/03/2017 06:57:25,Transportation,600
20/03/2017 11:45:21,Household,450
19/03/2017 13:28:22,subscription,296
18/03/2017 09:41:44,Food,57
18/03/2017 09:41:44,Food,160
18/03/2017 09:41:44,Food,310
16/03/2017 20:40:52,Other,70
16/03/2017 20:39:13,subscription,2820
15/03/2017 06:17:55,Household,50
15/03/2017 06:17:55,Household,111
15/03/2017 06:17:32,Food,40
14/03/2017 20:20:07,Household,300
13/03/2017 21:47:02,Food,100
13/03/2017 21:46:14,Household,400
13/03/2017 21:30:25,Beauty,100
13/03/2017 14:08:00,Household,1600
12/3/2017,Transportation,30
12/3/2017,Food,40
12/3/2017,Food,130
12/3/2017,Culture,440
12/3/2017,Transportation,40
12/3/2017,Transportation,30
11/3/2017,Transportation,30
11/3/2017,Transportation,20
11/3/2017,Food,60
11/3/2017,Food,200
10/3/2017,Transportation,1599.98
10/3/2017,subscription,296
10/3/2017,Food,62
10/3/2017,Food,72
10/3/2017,Recurring Deposit,1000
10/3/2017,Equity Mutual Fund F,1000
9/3/2017,Food,100
9/3/2017,Food,100
8/3/2017,Food,150
7/3/2017,Food,190
7/3/2017,Food,105
7/3/2017,Food,20
7/3/2017,Food,62
7/3/2017,Equity Mutual Fund E,1000
7/3/2017,subscription,2700.1
6/3/2017,Food,62
6/3/2017,Food,45
5/3/2017,Apparel,10
5/3/2017,Household,140
5/3/2017,Food,949
5/3/2017,Transportation,30
5/3/2017,Food,30
5/3/2017,Transportation,20
5/3/2017,Transportation,30
5/3/2017,Recurring Deposit,1000
5/3/2017,Equity Mutual Fund A,1000
4/3/2017,Food,20
3/3/2017,Food,148
1/3/2017,Household,50
1/3/2017,Public Provident Fund,10000
1/3/2017,Money transfer,10000
28/02/2017 22:13:41,Transportation,40
28/02/2017 22:13:41,Salary,56021
28/02/2017 22:13:41,Food,85
28/02/2017 22:13:04,Transportation,30
28/02/2017 22:11:09,Transportation,10
28/02/2017 22:09:39,Transportation,12
28/02/2017 22:09:27,Food,10
28/02/2017 22:09:03,Other,400
28/02/2017 22:08:33,Food,2421
28/02/2017 22:07:25,Transportation,20
28/02/2017 22:06:58,Food,30
28/02/2017 22:01:48,Transportation,40
28/02/2017 12:32:35,Transportation,30
28/02/2017 12:32:35,Transportation,80
28/02/2017 12:32:35,Transportation,57
27/02/2017 18:42:27,Transportation,40
27/02/2017 18:42:27,Transportation,30
27/02/2017 18:42:27,Transportation,30
27/02/2017 18:31:38,Food,88
27/02/2017 09:18:03,Household,55
27/02/2017 09:17:17,Food,76
26/02/2017 23:59:58,Transportation,20
26/02/2017 23:59:09,Transportation,30
26/02/2017 10:54:45,Household,846
26/02/2017 00:01:25,Household,360
26/02/2017 00:00:25,Food,58
25/02/2017 20:41:26,Household,8500
25/02/2017 20:41:26,Household,1600
25/02/2017 20:40:36,Household,920
25/02/2017 20:39:26,Food,318
25/02/2017 20:29:44,subscription,100
25/02/2017 13:21:15,Food,247
24/02/2017 13:09:50,Food,75
24/02/2017 13:09:50,Food,30
24/02/2017 13:09:50,Food,100
23/02/2017 02:14:24,Food,80
22/02/2017 22:00:06,Education,30
22/02/2017 21:59:31,Transportation,5500
21/02/2017 22:00:35,Food,10
19/02/2017 08:04:37,Money transfer,23
19/02/2017 08:04:37,Food,30
19/02/2017 08:04:37,Education,25
19/02/2017 08:04:37,Apparel,498
18/02/2017 13:19:49,Family,500
18/02/2017 11:12:58,subscription,301
16/02/2017 17:32:36,Gift,400
15/02/2017,Life Insurance,11286
13/02/2017 17:20:15,subscription,301
12/2/2017,Other,850
11/2/2017,Other,75
11/2/2017,Food,10
11/2/2017,Family,1000
10/2/2017,Recurring Deposit,1000
10/2/2017,Equity Mutual Fund F,1000
8/2/2017,Gift,1499
7/2/2017,Equity Mutual Fund E,1000
6/2/2017,Food,30
6/2/2017,Food,140
6/2/2017,Food,195
6/2/2017,Food,110
5/2/2017,Transportation,40
5/2/2017,Food,10
5/2/2017,Transportation,330
5/2/2017,Recurring Deposit,1000
5/2/2017,Equity Mutual Fund A,1000
4/2/2017,Apparel,38
4/2/2017,Food,60
4/2/2017,Food,53
4/2/2017,Food,30
3/2/2017,Health,8
3/2/2017,Food,412.25
3/2/2017,Food,12
3/2/2017,Food,10
3/2/2017,Food,50
3/2/2017,subscription,2700.1
2/2/2017,Food,1160
2/2/2017,subscription,301
1/2/2017,subscription,301
1/2/2017,Food,33
1/2/2017,Public Provident Fund,10000
1/2/2017,Money transfer,10000
31/01/2017 09:22:32,Salary,63101
31/01/2017 09:22:32,Food,35
30/01/2017 07:24:02,Food,35
30/01/2017 07:24:02,Food,15
29/01/2017 20:20:15,Food,250
29/01/2017 20:19:46,Food,60
29/01/2017 19:26:04,Food,30
29/01/2017 19:24:54,Food,35
29/01/2017 19:24:30,Food,35
29/01/2017 19:23:34,Transportation,30
29/01/2017 19:23:08,Transportation,510
29/01/2017 19:22:36,Transportation,30
23/01/2017 19:16:16,subscription,181
23/01/2017 11:27:32,Gift,649
22/01/2017 19:20:35,Family,2000
22/01/2017 19:20:19,Food,410
21/01/2017 19:23:37,subscription,149
20/01/2017 19:23:37,subscription,301
19/01/2017 00:13:03,Food,20
19/01/2017 00:12:27,Family,145
16/01/2017 16:02:53,Transportation,40
16/01/2017 11:01:54,Household,2400
16/01/2017 08:25:05,Other,50
15/01/2017 08:25:53,Food,140
15/01/2017 08:25:53,Food,540
11/1/2017,Food,45
11/1/2017,Health,90
10/1/2017,Recurring Deposit,1000
10/1/2017,Equity Mutual Fund F,1000
10/1/2017,Food,160
9/1/2017,Food,99
9/1/2017,Beauty,80
8/1/2017,subscription,149
8/1/2017,Transportation,50
7/1/2017,Food,175
7/1/2017,Transportation,50
7/1/2017,Equity Mutual Fund E,1000
6/1/2017,Transportation,1396.5
6/1/2017,Food,294
6/1/2017,Food,31
6/1/2017,Household,200
6/1/2017,Food,48
5/1/2017,Recurring Deposit,1000
5/1/2017,Equity Mutual Fund A,1000
5/1/2017,Household,100
5/1/2017,Food,31
5/1/2017,subscription,301
4/1/2017,Food,40
3/1/2017,subscription,2816.92
3/1/2017,Food,140
3/1/2017,Food,50
3/1/2017,Food,20
3/1/2017,Food,31
3/1/2017,Food,310
3/1/2017,Food,70
3/1/2017,Food,330
3/1/2017,Culture,400
3/1/2017,Transportation,20
3/1/2017,Transportation,30
2/1/2017,Transportation,60
2/1/2017,Household,110
2/1/2017,Food,386
1/1/2017,Food,510
1/1/2017,Health,354
1/1/2017,Food,40
1/1/2017,Household,50
1/1/2017,Food,340
1/1/2017,Health,300
1/1/2017,Public Provident Fund,10000
1/1/2017,Money transfer,100000
31/12/2016 20:11:24,Food,77
31/12/2016 20:11:24,Food,375
31/12/2016 19:34:55,Food,25
31/12/2016 17:39:16,Gift,1096
31/12/2016 15:40:02,Health,24
31/12/2016 15:39:35,Food,170
31/12/2016 13:48:53,Salary,56574
31/12/2016 13:47:26,subscription,2816
31/12/2016 09:09:24,Food,160
30/12/2016 21:30:17,Transportation,100
29/12/2016 19:17:33,Other,25
29/12/2016 19:16:32,Food,10
29/12/2016 18:06:14,Food,14
29/12/2016 09:00:28,subscription,214
29/12/2016 07:56:02,Transportation,403
29/12/2016 07:40:31,Gift,3195
28/12/2016 18:41:14,Food,10
28/12/2016 18:40:50,Other,1780
25/12/2016 14:10:11,subscription,301
22/12/2016 11:15:36,Gift,285
22/12/2016 10:39:06,Transportation,11.8
21/12/2016 21:57:01,Family,1874
21/12/2016 19:59:20,Transportation,251.8
21/12/2016 19:58:12,Transportation,1900
19/12/2016 18:29:12,Food,30
19/12/2016 18:28:42,Household,49
19/12/2016 17:08:11,Food,29
19/12/2016 17:07:37,Food,170
18/12/2016 20:18:54,Bonus,5
18/12/2016 20:18:37,Family,2000
17/12/2016 13:42:36,Bonus,11
17/12/2016 13:42:21,subscription,301
14/12/2016 21:43:10,Food,200
13/12/2016 21:43:57,Other,35
13/12/2016 21:42:22,Household,25
13/12/2016 18:20:35,Gift,350
11/12/2016,Other,45
11/12/2016,Health,200
11/12/2016,Health,257
10/12/2016,Food,30
10/12/2016,Investment,1000
10/12/2016,Recurring Deposit,1000
9/12/2016,subscription,301
8/12/2016,Food,30
8/12/2016,Other,199
7/12/2016,Investment,1000
5/12/2016,Family,155
5/12/2016,Investment,1000
5/12/2016,Recurring Deposit,1000
4/12/2016,Food,25
4/12/2016,Food,10
4/12/2016,Food,8
4/12/2016,Food,30
4/12/2016,Food,25
4/12/2016,Food,50
4/12/2016,Food,90
4/12/2016,Food,15
4/12/2016,Food,45
4/12/2016,Food,20
3/12/2016,Food,55
3/12/2016,Food,20
1/12/2016,Investment,40000
1/12/2016,Money transfer,10000
30/11/2016 20:00:34,Family,500
30/11/2016 13:56:42,Salary,56586
30/11/2016 11:33:19,Bonus,5
30/11/2016 11:32:14,subscription,251
30/11/2016 06:53:26,subscription,98
29/11/2016 21:44:34,Family,60
28/11/2016 18:04:08,Household,20500
28/11/2016 18:03:47,Other,8
28/11/2016 06:17:10,Food,20
25/11/2016 09:28:23,Bonus,5
25/11/2016 09:27:45,subscription,251
21/11/2016 09:41:12,Transportation,50
21/11/2016 09:41:12,Health,15
21/11/2016 09:41:12,Transportation,70
20/11/2016 11:58:05,Transportation,50
19/11/2016 12:12:00,Food,2
19/11/2016 12:12:00,Food,1087
19/11/2016 12:12:00,Transportation,50
19/11/2016 12:12:00,Food,40
19/11/2016 12:12:00,Other,100
19/11/2016 12:12:00,Transportation,40
19/11/2016 12:12:00,Transportation,94
19/11/2016 11:58:28,Transportation,100
19/11/2016 11:58:28,Food,40
19/11/2016 11:58:28,Other,740
19/11/2016 11:58:28,Transportation,338
19/11/2016 11:58:28,Transportation,100
19/11/2016 11:58:28,Transportation,40
19/11/2016 11:58:28,Transportation,54
19/11/2016 11:58:28,Transportation,80
17/11/2016 20:17:21,Food,10
15/11/2016 20:23:29,Food,20
15/11/2016 20:23:12,Other,10
15/11/2016 20:22:40,Food,180
14/11/2016 20:03:10,Transportation,1800
14/11/2016 20:02:26,Transportation,4662
12/11/2016,Health,55
12/11/2016,Food,10
10/11/2016,Transportation,40
10/11/2016,Investment,1000
10/11/2016,Investment,11286
10/11/2016,Investment,1000
10/11/2016,Investment,1000
9/11/2016,Other,10
8/11/2016,subscription,199
7/11/2016,Food,45
5/11/2016,Transportation,30
5/11/2016,Investment,1000
5/11/2016,Investment,1000
4/11/2016,Festivals,50
3/11/2016,Food,240
3/11/2016,Other,470
3/11/2016,Health,700
3/11/2016,Bonus,1500
2/11/2016,Grooming,80
1/11/2016,Festivals,450
1/11/2016,Food,50
1/11/2016,Investment,10000
1/11/2016,Money transfer,10000
31/10/2016 07:36:35,Festivals,1999
30/10/2016 15:03:18,Salary,56647
28/10/2016 07:19:00,Health,221
28/10/2016 07:19:00,Transportation,40
27/10/2016 13:57:56,subscription,251
27/10/2016 13:57:56,Family,1119.2
27/10/2016 13:57:56,Food,25
27/10/2016 10:40:00,Food,170
26/10/2016 13:58:49,Health,617
25/10/2016 18:55:33,Food,25
24/10/2016 08:17:38,Food,320
22/10/2016 20:24:10,Food,35
22/10/2016 20:23:46,Food,20
17/10/2016 17:30:26,Food,215
15/10/2016 10:31:22,Food,430
14/10/2016 11:58:20,Food,120
13/10/2016 14:23:49,Family,249
12/10/2016,Food,150
10/10/2016,Food,100
10/10/2016,Investment,1000
10/10/2016,Investment,1000
10/10/2016,Investment,1000
9/10/2016,Family,249
9/10/2016,Health,40
9/10/2016,Transportation,80
9/10/2016,Food,90
8/10/2016,Beauty,174
7/10/2016,subscription,199
5/10/2016,Investment,1000
5/10/2016,Investment,1000
1/10/2016,Festivals,200
1/10/2016,Investment,10000
1/10/2016,Money transfer,10000
30/09/2016 06:28:02,Interest,835
30/09/2016 06:28:02,Salary,58058
28/09/2016 07:32:36,Other,32
19/09/2016 15:35:24,Food,33
15/09/2016 06:52:09,Food,95
14/09/2016 13:24:08,subscription,251
14/09/2016 10:13:24,Family,437
13/09/2016 09:48:13,Food,70
13/09/2016 09:48:13,Food,845
12/9/2016,Food,35
12/9/2016,Food,35
12/9/2016,Food,20
11/9/2016,Food,70
11/9/2016,Food,35
11/9/2016,Transportation,20
10/9/2016,Investment,1000
10/9/2016,Investment,1000
9/9/2016,Food,70
8/9/2016,Food,30
8/9/2016,Food,20
8/9/2016,subscription,251
7/9/2016,Food,72
7/9/2016,Investment,1000
6/9/2016,Transportation,598.5
5/9/2016,Investment,1000
5/9/2016,Investment,1000
1/9/2016,Transportation,750
1/9/2016,subscription,251
1/9/2016,Investment,10000
1/9/2016,Money transfer,10000
31/08/2016 15:47:44,Salary,63894
29/08/2016 11:41:25,Festivals,361
29/08/2016 10:48:48,Household,40
29/08/2016 10:48:20,Household,98
24/08/2016 07:38:04,Festivals,500
23/08/2016 17:25:23,Family,2000
22/08/2016 13:22:05,Festivals,500
21/08/2016 08:54:35,Other,100
18/08/2016 14:19:25,subscription,251
14/08/2016 16:13:29,Other,5
14/08/2016 16:12:49,Grooming,100
11/8/2016,Investment,11286
10/8/2016,Investment,1000
10/8/2016,Investment,1000
9/8/2016,subscription,251
7/8/2016,Investment,1000
7/8/2016,Family,750
5/8/2016,Investment,1000
5/8/2016,Investment,1000
4/8/2016,Family,260
1/8/2016,Investment,10000
1/8/2016,Money transfer,15000
31/07/2016 18:51:58,Salary,51556
31/07/2016 18:50:51,Other,250
25/07/2016 10:48:49,subscription,251
21/07/2016 16:33:04,subscription,251
20/07/2016 07:03:14,subscription,2599
13/07/2016 10:21:25,Health,10
12/7/2016,Investment,1000
12/7/2016,Investment,1000
7/7/2016,Investment,1000
5/7/2016,Investment,1000
5/7/2016,Investment,1000
5/7/2016,subscription,251
4/7/2016,subscription,251
1/7/2016,Family,2599
1/7/2016,Investment,10000
1/7/2016,Money transfer,15000
30/06/2016 11:40:50,Interest,740
30/06/2016 11:40:50,Other,106.9
30/06/2016 08:20:12,Salary,51544
27/06/2016 17:09:47,Transportation,3200
27/06/2016 10:10:57,subscription,251
23/06/2016 12:02:39,subscription,995
22/06/2016 11:20:48,subscription,350
20/06/2016 22:19:27,Food,140
19/06/2016 18:49:52,Food,600
19/06/2016 17:10:49,Family,905
18/06/2016 19:45:05,Other,38
12/6/2016,Food,84
12/6/2016,subscription,251
10/6/2016,Investment,1000
10/6/2016,Investment,1000
7/6/2016,Investment,1000
5/6/2016,Investment,1000
5/6/2016,Investment,1000
5/6/2016,Food,68
1/6/2016,Investment,10000
1/6/2016,Money transfer,10000
1/6/2016,Food,25
31/05/2016 09:55:09,Salary,51556
31/05/2016 09:51:36,Transportation,50
30/05/2016 12:46:40,subscription,251
29/05/2016 19:16:49,Food,504
22/05/2016 11:13:40,Grooming,120
22/05/2016 11:13:40,Transportation,40
19/05/2016 09:21:46,Food,180
17/05/2016 21:59:19,Investment,11286
17/05/2016 12:34:38,Other,100
16/05/2016 20:48:29,subscription,251
10/5/2016,Investment,1000
10/5/2016,Investment,1000
7/5/2016,Investment,1000
6/5/2016,subscription,251
5/5/2016,Investment,1000
5/5/2016,Investment,1000
3/5/2016,subscription,251
2/5/2016,Other,25
1/5/2016,Investment,10000
1/5/2016,Money transfer,10000
30/04/2016 21:58:43,Salary,51562.45
28/04/2016 22:24:09,subscription,299
26/04/2016 08:30:54,Food,259
24/04/2016 22:10:32,subscription,169
20/04/2016 10:27:48,subscription,251
16/04/2016 21:24:04,Household,50
15/04/2016 07:04:48,subscription,251
12/4/2016,Investment,1000
12/4/2016,Investment,1000
11/4/2016,subscription,251
11/4/2016,Food,1279
7/4/2016,Investment,1000
5/4/2016,Investment,1000
5/4/2016,Investment,1000
3/4/2016,subscription,300
2/4/2016,subscription,251
2/4/2016,Food,20
2/4/2016,Transportation,50
2/4/2016,Other,30
1/4/2016,Investment,10000
1/4/2016,Money transfer,10000
31/03/2016 10:25:01,Salary,70806
29/03/2016 05:35:43,Other,100
28/03/2016 15:20:05,Other,159
22/03/2016 14:53:55,subscription,169
21/03/2016 04:26:41,subscription,251
20/03/2016 12:05:32,Food,35
20/03/2016 12:05:13,Other,5
16/03/2016 12:44:04,Gift,80
15/03/2016 17:08:31,subscription,251
11/3/2016,Food,60
11/3/2016,Other,250
11/3/2016,Education,20
10/3/2016,Investment,1000
10/3/2016,Investment,1000
8/3/2016,Investment,1000
6/3/2016,subscription,251
5/3/2016,Investment,1000
5/3/2016,Investment,1000
2/3/2016,Investment,10000
28/02/2016 19:38:39,Food,70
28/02/2016 10:08:09,Grooming,100
28/02/2016 10:08:09,Food,100
28/02/2016 10:07:55,Other,11
27/02/2016 07:49:16,subscription,251
27/02/2016 07:49:16,Other,250
27/02/2016 07:49:16,Food,50
26/02/2016 20:26:07,Money transfer,10000
26/02/2016 20:25:51,Salary,49806
24/02/2016 06:35:18,subscription,199
22/02/2016 21:02:42,Food,40
22/02/2016 09:05:19,subscription,169
20/02/2016 19:45:27,Food,85
14/02/2016 21:35:26,Food,165
13/02/2016 11:14:46,Transportation,40
13/02/2016 11:14:46,Health,80
10/2/2016,Investment,1000
10/2/2016,Investment,1000
8/2/2016,Investment,1000
8/2/2016,subscription,251
7/2/2016,Food,160
5/2/2016,Investment,1000
5/2/2016,Investment,1000
1/2/2016,Investment,10000
31/01/2016 11:19:58,Money transfer,10000
31/01/2016 11:17:24,Salary,49806
26/01/2016 19:46:26,subscription,199
22/01/2016 09:58:13,subscription,169
13/01/2016 12:06:57,Other,45000
12/1/2016,Apparel,200
11/1/2016,Investment,1000
11/1/2016,Investment,1000
10/1/2016,Household,15
9/1/2016,subscription,251
8/1/2016,Other,1994
7/1/2016,Investment,1000
5/1/2016,Investment,1000
5/1/2016,Investment,1000
5/1/2016,Food,350
5/1/2016,Transportation,30
1/1/2016,Food,35
1/1/2016,Investment,10000
1/1/2016,Money transfer,10000
1/1/2016,Food,192
31/12/2015 17:00:32,Food,540
31/12/2015 16:56:24,Salary,77335
30/12/2015 17:31:33,Food,100
30/12/2015 17:30:28,Beauty,2000
26/12/2015 23:53:57,Other,28
26/12/2015 07:27:26,Other,199
25/12/2015 17:24:50,Apparel,270
25/12/2015 17:24:24,Household,50
21/12/2015 23:18:19,Other,169
20/12/2015 09:08:55,Gift,465
19/12/2015 22:28:38,Food,80
19/12/2015 21:14:02,Health,220
19/12/2015 14:20:11,Health,235
12/12/2015,Transportation,50
11/12/2015,Transportation,100
10/12/2015,Investment,1000
10/12/2015,Recurring Deposit,1000
8/12/2015,Other,28
7/12/2015,Investment,1000
5/12/2015,Recurring Deposit,1000
5/12/2015,Food,90
5/12/2015,Other,200
5/12/2015,Investment,1000
2/12/2015,Apparel,325
1/12/2015,Apparel,773
1/12/2015,Food,84
1/12/2015,Money transfer,50000
1/12/2015,Public Provident Fund,10000
1/12/2015,Gift,1024
30/11/2015 11:30:45,Salary,49806
29/11/2015 09:27:52,Transportation,50
29/11/2015 09:27:52,Transportation,30
29/11/2015 09:27:52,Transportation,40
27/11/2015 16:25:01,Food,25
26/11/2015 06:51:26,Other,199
21/11/2015 21:40:52,Other,251
21/11/2015 21:39:44,Food,84
15/11/2015 19:52:41,Bonus,1500
14/11/2015 21:38:16,Other,310
12/11/2015,Food,25
10/11/2015,Recurring Deposit,1000
10/11/2015,Investment,1000
7/11/2015,Investment,1000
7/11/2015,Other,251
5/11/2015,Investment,1000
5/11/2015,Recurring Deposit,1000
5/11/2015,Food,84
4/11/2015,Public Provident Fund,10000
3/11/2015,Transportation,40
1/11/2015,Money transfer,10000
1/11/2015,Transportation,70
31/10/2015 19:29:41,Food,70
31/10/2015 19:06:06,Transportation,71
31/10/2015 19:05:50,Food,10
31/10/2015 12:09:14,Salary,49806
31/10/2015 12:08:54,Food,250
31/10/2015 09:27:05,Health,150
31/10/2015 09:26:37,Transportation,180
30/10/2015 14:13:06,Beauty,50
30/10/2015 06:35:12,Transportation,30
29/10/2015 10:17:09,Transportation,665
28/10/2015 21:38:44,Gift,1000
28/10/2015 21:28:33,Transportation,660
27/10/2015 07:48:06,Other,199
25/10/2015 17:55:32,Household,240
24/10/2015 18:57:36,Household,100
23/10/2015 14:30:42,Transportation,20
23/10/2015 08:23:53,Other,40
22/10/2015 13:10:06,Other,251
21/10/2015 18:16:08,Other,500
18/10/2015 21:35:17,Apparel,1479
18/10/2015 21:35:17,Transportation,803
18/10/2015 21:35:17,Money transfer,2000
10/10/2015,Recurring Deposit,1000
10/10/2015,Investment,1000
7/10/2015,Investment,1000
7/10/2015,Gift,8029
5/10/2015,Investment,1000
5/10/2015,Recurring Deposit,1000
2/10/2015,Food,420
1/10/2015,Public Provident Fund,10000
30/09/2015 14:25:08,Salary,49806
30/09/2015 14:24:23,Other,100
28/09/2015 10:54:06,Other,350
28/09/2015 10:53:25,Health,120
28/09/2015 10:52:49,Health,300
27/09/2015 10:54:06,Other,199
26/09/2015 08:24:14,Other,30
21/09/2015 08:10:16,Other,2099
11/9/2015,Food,379
10/9/2015,Investment,1000
10/9/2015,Recurring Deposit,1000
7/9/2015,Investment,1000
5/9/2015,Recurring Deposit,1000
5/9/2015,Investment,1000
4/9/2015,Other,4800
1/9/2015,Public Provident Fund,10000
31/08/2015 13:33:18,Salary,49806
31/08/2015 11:48:23,Money transfer,10000
31/08/2015 07:47:33,Other,287
30/08/2015 13:18:42,Other,72
28/08/2015 09:38:54,Other,199
14/08/2015 09:22:01,Household,3499
13/08/2015 09:41:07,Other,1450
10/8/2015,Recurring Deposit,1000
10/8/2015,Investment,1000
7/8/2015,Investment,1000
5/8/2015,Recurring Deposit,1000
5/8/2015,Investment,1000
3/8/2015,maid,333
2/8/2015,Money transfer,10000
2/8/2015,Public Provident Fund,10000
2/8/2015,Rent,2500
31/07/2015 14:38:08,Salary,47859
29/07/2015 14:36:01,Other,199
19/07/2015 22:24:35,Other,2599
10/7/2015,Investment,1000
10/7/2015,Recurring Deposit,1000
9/7/2015,Other,459
7/7/2015,Investment,1000
6/7/2015,Investment,1000
6/7/2015,Recurring Deposit,1000
2/7/2015,Other,312
1/7/2015,maid,333
1/7/2015,Rent,2833
1/7/2015,Money transfer,10000
1/7/2015,Public Provident Fund,10000
30/06/2015 09:53:35,Salary,47859
29/06/2015 09:53:35,Other,199
23/06/2015 09:53:35,Other,999
10/6/2015,Investment,1000
10/6/2015,Recurring Deposit,1000
10/6/2015,Other,50
8/6/2015,Investment,1000
5/6/2015,Investment,1000
5/6/2015,Recurring Deposit,1000
1/6/2015,Cook,776
1/6/2015,Rent,2543
1/6/2015,Public Provident Fund,10000
31/05/2015 21:44:54,Household,2671
31/05/2015 12:02:40,Salary,47859
31/05/2015 12:02:40,Money transfer,10000
17/05/2015 17:57:12,Transportation,6000
16/05/2015 14:52:42,Other,607
16/05/2015 11:24:35,Food,20
16/05/2015 11:24:15,Food,26
15/05/2015 07:33:09,Food,26
14/05/2015 10:38:24,Other,1450
13/05/2015 08:32:03,Health,250
13/05/2015 08:31:49,Food,26
12/5/2015,Food,26
11/5/2015,Investment,1000
11/5/2015,Recurring Deposit,1000
11/5/2015,Food,20
11/5/2015,Food,26
10/5/2015,Household,160
9/5/2015,Health,290
9/5/2015,Food,52
9/5/2015,Food,20
8/5/2015,Food,26
7/5/2015,Investment,1000
6/5/2015,Health,70
5/5/2015,Investment,1000
5/5/2015,Recurring Deposit,1000
5/5/2015,Food,100
5/5/2015,Food,26
3/5/2015,Public Provident Fund,20000
3/5/2015,Food,1178
3/5/2015,Cook,5000
2/5/2015,Money transfer,10000
2/5/2015,Food,28
1/5/2015,Food,20
28/04/2015 15:44:31,Salary,49306
28/04/2015 08:43:51,Food,28
26/04/2015 10:48:25,Other,59
26/04/2015 10:48:00,Food,110
26/04/2015 09:06:04,Food,114
24/04/2015 09:25:33,Food,420
23/04/2015 13:00:42,Food,56
18/04/2015 10:33:50,Other,180
18/04/2015 10:33:25,Food,324
14/04/2015 12:24:47,Other,500
13/04/2015 12:24:47,Investment,1000
13/04/2015 12:24:47,Recurring Deposit,1000
10/4/2015,Food,699
8/4/2015,Food,156
7/4/2015,Recurring Deposit,1000
7/4/2015,Investment,1000
6/4/2015,Investment,1000
5/4/2015,Money transfer,10000
4/4/2015,Food,287
4/4/2015,Food,889
4/4/2015,Other,300
4/4/2015,garbage disposal,50
2/4/2015,Cook,5000
1/4/2015,Food,50
31/03/2015 13:00:05,Salary,70806
29/03/2015 20:08:01,Health,269
29/03/2015 20:06:39,Food,150
25/03/2015 14:02:02,water (jar /tanker),20
24/03/2015 08:52:41,Food,26
23/03/2015 13:19:44,Food,433.8
23/03/2015 13:17:56,water (jar /tanker),20
20/03/2015 21:36:58,Apparel,100
20/03/2015 19:08:18,Health,3700
19/03/2015 16:08:23,Household,50
18/03/2015 18:27:14,Food,53
18/03/2015 13:22:02,Food,25
18/03/2015 10:56:33,Food,20
18/03/2015 09:25:24,Food,26
17/03/2015 16:21:18,Other,450
16/03/2015 21:30:08,Health,1000
16/03/2015 16:38:08,Food,20
15/03/2015 18:39:12,Apparel,30
15/03/2015 18:38:29,Food,36
15/03/2015 18:38:44,Other,5
14/03/2015 19:21:18,Apparel,40
14/03/2015 09:11:06,Food,26
13/03/2015 15:01:05,Transportation,10
12/3/2015,Health,1900
12/3/2015,Food,30
11/3/2015,Recurring Deposit,1000
11/3/2015,Food,8
10/3/2015,Transportation,11.8
10/3/2015,Investment,1000
10/3/2015,Transportation,11.8
10/3/2015,Transportation,20
10/3/2015,Transportation,10
10/3/2015,Transportation,20
9/3/2015,Other,129
9/3/2015,Other,6
7/3/2015,Investment,1000
7/3/2015,Recurring Deposit,1000
6/3/2015,Transportation,10
6/3/2015,Food,25
6/3/2015,Transportation,10
5/3/2015,Investment,1000
5/3/2015,Beauty,40
4/3/2015,Food,25
3/3/2015,water (jar /tanker),108
3/3/2015,garbage disposal,17
3/3/2015,maid,333
3/3/2015,Cook,1667
3/3/2015,Health,82
3/3/2015,Health,3000
2/3/2015,Food,30
2/3/2015,Money transfer,10000
2/3/2015,Rent,2833
2/3/2015,Health,226
2/3/2015,Health,300
2/3/2015,Food,25
2/3/2015,Transportation,10
2/3/2015,Food,40
1/3/2015,Food,20
1/3/2015,Food,80
1/3/2015,Food,88
1/3/2015,Food,6
28/02/2015 17:30:58,Salary,49806
28/02/2015 11:33:42,Food,26
28/02/2015 17:48:39,Food,55
28/02/2015 17:48:39,Food,20
26/02/2015 20:06:17,Food,6
26/02/2015 20:06:17,Transportation,60
26/02/2015 20:05:39,Food,30
26/02/2015 20:05:31,Food,26
24/02/2015 22:10:01,Food,160
24/02/2015 05:47:03,Transportation,66
24/02/2015 05:46:53,Food,10
23/02/2015 21:15:40,Transportation,20
23/02/2015 19:37:47,Transportation,20
23/02/2015 18:39:59,Apparel,20
23/02/2015 15:43:13,Transportation,526
23/02/2015 09:19:54,Other,4118
19/02/2015 20:52:01,Health,45
19/02/2015 20:51:37,Health,34
19/02/2015 11:38:58,Food,60
17/02/2015 08:20:06,Food,227
16/02/2015 11:38:58,Food,249
16/02/2015 10:18:40,Transportation,30
15/02/2015 21:37:45,Household,250
15/02/2015 19:57:00,Other,500
15/02/2015 19:55:31,Food,20
15/02/2015 19:54:41,Transportation,15
15/02/2015 19:54:13,Transportation,34
15/02/2015 08:40:26,Food,20
15/02/2015 08:40:08,Food,15
13/02/2015 09:08:59,Food,21
13/02/2015 09:08:59,Food,27
12/2/2015,Food,10
12/2/2015,Food,12
12/2/2015,Food,10
11/2/2015,Food,54
11/2/2015,Food,26
10/2/2015,Food,60
10/2/2015,Food,18
10/2/2015,Food,6
9/2/2015,Food,35
9/2/2015,Food,150
9/2/2015,Transportation,176
8/2/2015,Food,86
8/2/2015,Other,371
8/2/2015,Other,3400
8/2/2015,Food,30
7/2/2015,Food,6
5/2/2015,Food,375
5/2/2015,Food,40
5/2/2015,Food,21
4/2/2015,Food,1178
4/2/2015,Food,30
4/2/2015,Food,26
3/2/2015,Food,70
3/2/2015,Food,10
3/2/2015,Food,107
3/2/2015,Other,100
3/2/2015,Food,27
3/2/2015,Other,50
2/2/2015,Other,10000
2/2/2015,Food,26
2/2/2015,Food,30
1/2/2015,Food,26
1/2/2015,Household,784
1/2/2015,Apparel,248
31/01/2015 16:14:27,Food,20
31/01/2015 16:14:27,Food,40
30/01/2015 23:10:04,Transportation,100
30/01/2015 23:10:04,Food,1004
29/01/2015 07:30:48,Food,26
29/01/2015 07:30:48,Food,38
29/01/2015 07:30:48,Food,15
27/01/2015 18:34:20,Food,15
27/01/2015 18:34:10,Food,30
26/01/2015 19:39:39,Food,26
26/01/2015 07:42:43,Food,30
26/01/2015 07:40:05,Food,311
25/01/2015 18:45:56,Beauty,60
24/01/2015 16:17:57,Food,30
22/01/2015 16:44:45,Food,20
22/01/2015 16:44:45,Food,33
21/01/2015 18:17:03,Food,120
21/01/2015 18:17:03,Household,60
21/01/2015 18:17:03,Food,27
21/01/2015 13:12:12,Transportation,264
21/01/2015 13:11:41,Transportation,138
21/01/2015 09:32:34,Food,28
21/01/2015 09:05:41,Food,50
20/01/2015 09:32:18,Food,65
19/01/2015 07:34:00,Food,29
18/01/2015 07:33:20,Food,60
18/01/2015 07:31:42,Food,8
18/01/2015 07:31:42,Food,29
16/01/2015 16:33:49,Transportation,30
16/01/2015 16:32:42,Transportation,50
16/01/2015 16:30:51,Transportation,10
15/01/2015 22:22:20,Food,155
15/01/2015 18:23:11,Transportation,100
15/01/2015 18:23:03,Food,10
14/01/2015 23:38:24,Food,13
14/01/2015 15:35:57,Food,120
14/01/2015 12:42:56,Transportation,760
13/01/2015 18:52:47,Other,500
13/01/2015 18:52:47,Food,10
12/1/2015,Transportation,175
12/1/2015,Transportation,61
11/1/2015,Beauty,50
11/1/2015,Transportation,170
10/1/2015,Transportation,50
10/1/2015,Transportation,650
10/1/2015,Other,50
10/1/2015,Food,20
9/1/2015,Food,20
9/1/2015,Other,650
8/1/2015,Food,20
7/1/2015,Food,31
6/1/2015,Food,15
6/1/2015,Food,15
5/1/2015,Other,2833
5/1/2015,Other,333
5/1/2015,Food,135
5/1/2015,Other,2250
4/1/2015,Food,35
4/1/2015,Food,20
4/1/2015,Food,175
4/1/2015,Other,10000
3/1/2015,Other,223
3/1/2015,Food,350
3/1/2015,Food,49
2/1/2015,Food,66
2/1/2015,Other,10000
2/1/2015,Food,28
2/1/2015,Food,10
1/1/2015,Food,400
1/1/2015,Transportation,20
1/1/2015,Transportation,60
1/1/2015,Culture,40
1/1/2015,Food,200
1/1/2015,Transportation,142
1/1/2015,Transportation,20
1/1/2015,Transportation,20
1/1/2015,Transportation,30
1/1/2015,Food,10
1/1/2015,Transportation,10
